<?xml version="1.0" encoding="UTF-8" ?>
<!DOCTYPE mapper PUBLIC "-//mybatis.org//DTD Mapper 3.0//EN" "http://mybatis.org/dtd/mybatis-3-mapper.dtd" >
<mapper namespace="com.zhouxh.imsm.mapper.DimImidMapper">
    <resultMap id="BaseResultMap" type="com.zhouxh.imsm.model.DimImid">
        <id column="imid" property="imid" jdbcType="INTEGER"/>
        <result column="imname" property="imname" jdbcType="VARCHAR"/>
        <result column="isvalid" property="isvalid" jdbcType="INTEGER"/>
    </resultMap>
    <resultMap id="ResultMapWithBLOBs" type="com.zhouxh.imsm.model.DimImid" extends="BaseResultMap">
        <result column="memo" property="memo" jdbcType="LONGVARCHAR"/>
    </resultMap>
    <sql id="Base_Column_List">
    imid, imname, isvalid
  </sql>
    <sql id="Blob_Column_List">
    memo
  </sql>
    <select id="selectByPrimaryKey" resultMap="ResultMapWithBLOBs" parameterType="java.lang.Integer">
        select
        <include refid="Base_Column_List"/>
        ,
        <include refid="Blob_Column_List"/>
        from dim_imid
        where imid = #{imid,jdbcType=INTEGER}
    </select>
    <delete id="deleteByPrimaryKey" parameterType="java.lang.Integer">
    delete from dim_imid
    where imid = #{imid,jdbcType=INTEGER}
  </delete>
    <insert id="insert" parameterType="com.zhouxh.imsm.model.DimImid">
    insert into dim_imid (imid, imname, isvalid, 
      memo)
    values (#{imid,jdbcType=INTEGER}, #{imname,jdbcType=VARCHAR}, #{isvalid,jdbcType=INTEGER}, 
      #{memo,jdbcType=LONGVARCHAR})
  </insert>
    <insert id="insertSelective" parameterType="com.zhouxh.imsm.model.DimImid">
        insert into dim_imid
        <trim prefix="(" suffix=")" suffixOverrides=",">
            <if test="imid != null">
                imid,
            </if>
            <if test="imname != null">
                imname,
            </if>
            <if test="isvalid != null">
                isvalid,
            </if>
            <if test="memo != null">
                memo,
            </if>
        </trim>
        <trim prefix="values (" suffix=")" suffixOverrides=",">
            <if test="imid != null">
                #{imid,jdbcType=INTEGER},
            </if>
            <if test="imname != null">
                #{imname,jdbcType=VARCHAR},
            </if>
            <if test="isvalid != null">
                #{isvalid,jdbcType=INTEGER},
            </if>
            <if test="memo != null">
                #{memo,jdbcType=LONGVARCHAR},
            </if>
        </trim>
    </insert>
    <update id="updateByPrimaryKeySelective" parameterType="com.zhouxh.imsm.model.DimImid">
        update dim_imid
        <set>
            <if test="imname != null">
                imname = #{imname,jdbcType=VARCHAR},
            </if>
            <if test="isvalid != null">
                isvalid = #{isvalid,jdbcType=INTEGER},
            </if>
            <if test="memo != null">
                memo = #{memo,jdbcType=LONGVARCHAR},
            </if>
        </set>
        where imid = #{imid,jdbcType=INTEGER}
    </update>
    <update id="updateByPrimaryKeyWithBLOBs" parameterType="com.zhouxh.imsm.model.DimImid">
    update dim_imid
    set imname = #{imname,jdbcType=VARCHAR},
      isvalid = #{isvalid,jdbcType=INTEGER},
      memo = #{memo,jdbcType=LONGVARCHAR}
    where imid = #{imid,jdbcType=INTEGER}
  </update>
    <update id="updateByPrimaryKey" parameterType="com.zhouxh.imsm.model.DimImid">
    update dim_imid
    set imname = #{imname,jdbcType=VARCHAR},
      isvalid = #{isvalid,jdbcType=INTEGER}
    where imid = #{imid,jdbcType=INTEGER}
  </update>
</mapper>