<?xml version="1.0" encoding="UTF-8" ?>
<!DOCTYPE mapper PUBLIC "-//mybatis.org//DTD Mapper 3.0//EN" "http://mybatis.org/dtd/mybatis-3-mapper.dtd" >
<mapper namespace="com.zhouxh.imsm.mapper.DimStatusidMapper">
    <resultMap id="BaseResultMap" type="com.zhouxh.imsm.model.DimStatusid">
        <id column="statusid" property="statusid" jdbcType="INTEGER"/>
        <result column="statusname" property="statusname" jdbcType="VARCHAR"/>
        <result column="isvalid" property="isvalid" jdbcType="INTEGER"/>
    </resultMap>
    <sql id="Base_Column_List">
    statusid, statusname, isvalid
  </sql>
    <select id="selectByPrimaryKey" resultMap="BaseResultMap" parameterType="java.lang.Integer">
        select
        <include refid="Base_Column_List"/>
        from dim_statusid
        where statusid = #{statusid,jdbcType=INTEGER}
    </select>
    <delete id="deleteByPrimaryKey" parameterType="java.lang.Integer">
    delete from dim_statusid
    where statusid = #{statusid,jdbcType=INTEGER}
  </delete>
    <insert id="insert" parameterType="com.zhouxh.imsm.model.DimStatusid">
    insert into dim_statusid (statusid, statusname, isvalid
      )
    values (#{statusid,jdbcType=INTEGER}, #{statusname,jdbcType=VARCHAR}, #{isvalid,jdbcType=INTEGER}
      )
  </insert>
    <insert id="insertSelective" parameterType="com.zhouxh.imsm.model.DimStatusid">
        insert into dim_statusid
        <trim prefix="(" suffix=")" suffixOverrides=",">
            <if test="statusid != null">
                statusid,
            </if>
            <if test="statusname != null">
                statusname,
            </if>
            <if test="isvalid != null">
                isvalid,
            </if>
        </trim>
        <trim prefix="values (" suffix=")" suffixOverrides=",">
            <if test="statusid != null">
                #{statusid,jdbcType=INTEGER},
            </if>
            <if test="statusname != null">
                #{statusname,jdbcType=VARCHAR},
            </if>
            <if test="isvalid != null">
                #{isvalid,jdbcType=INTEGER},
            </if>
        </trim>
    </insert>
    <update id="updateByPrimaryKeySelective" parameterType="com.zhouxh.imsm.model.DimStatusid">
        update dim_statusid
        <set>
            <if test="statusname != null">
                statusname = #{statusname,jdbcType=VARCHAR},
            </if>
            <if test="isvalid != null">
                isvalid = #{isvalid,jdbcType=INTEGER},
            </if>
        </set>
        where statusid = #{statusid,jdbcType=INTEGER}
    </update>
    <update id="updateByPrimaryKey" parameterType="com.zhouxh.imsm.model.DimStatusid">
    update dim_statusid
    set statusname = #{statusname,jdbcType=VARCHAR},
      isvalid = #{isvalid,jdbcType=INTEGER}
    where statusid = #{statusid,jdbcType=INTEGER}
  </update>
</mapper>