<?xml version="1.0" encoding="UTF-8" ?>
<!DOCTYPE mapper PUBLIC "-//mybatis.org//DTD Mapper 3.0//EN" "http://mybatis.org/dtd/mybatis-3-mapper.dtd" >
<mapper namespace="com.zhouxh.imsm.mapper.ImStatusSequenceMapper">
    <resultMap id="BaseResultMap" type="com.zhouxh.imsm.model.ImStatusSequence">
        <id column="sequenceid" property="sequenceid" jdbcType="BIGINT"/>
        <result column="imid" property="imid" jdbcType="INTEGER"/>
        <result column="statusid" property="statusid" jdbcType="INTEGER"/>
        <result column="logtime" property="logtime" jdbcType="TIMESTAMP"/>
    </resultMap>
    <sql id="Base_Column_List">
    sequenceid, imid, statusid, logtime
  </sql>
    <select id="selectByPrimaryKey" resultMap="BaseResultMap" parameterType="java.lang.Long">
        select
        <include refid="Base_Column_List"/>
        from im_status_sequence
        where sequenceid = #{sequenceid,jdbcType=BIGINT}
    </select>
    <delete id="deleteByPrimaryKey" parameterType="java.lang.Long">
    delete from im_status_sequence
    where sequenceid = #{sequenceid,jdbcType=BIGINT}
  </delete>
    <insert id="insert" parameterType="com.zhouxh.imsm.model.ImStatusSequence">
    insert into im_status_sequence (sequenceid, imid, statusid, 
      logtime)
    values (#{sequenceid,jdbcType=BIGINT}, #{imid,jdbcType=INTEGER}, #{statusid,jdbcType=INTEGER}, 
      #{logtime,jdbcType=TIMESTAMP})
  </insert>
    <insert id="insertSelective" parameterType="com.zhouxh.imsm.model.ImStatusSequence">
        insert into im_status_sequence
        <trim prefix="(" suffix=")" suffixOverrides=",">
            <if test="sequenceid != null">
                sequenceid,
            </if>
            <if test="imid != null">
                imid,
            </if>
            <if test="statusid != null">
                statusid,
            </if>
            <if test="logtime != null">
                logtime,
            </if>
        </trim>
        <trim prefix="values (" suffix=")" suffixOverrides=",">
            <if test="sequenceid != null">
                #{sequenceid,jdbcType=BIGINT},
            </if>
            <if test="imid != null">
                #{imid,jdbcType=INTEGER},
            </if>
            <if test="statusid != null">
                #{statusid,jdbcType=INTEGER},
            </if>
            <if test="logtime != null">
                #{logtime,jdbcType=TIMESTAMP},
            </if>
        </trim>
    </insert>
    <update id="updateByPrimaryKeySelective" parameterType="com.zhouxh.imsm.model.ImStatusSequence">
        update im_status_sequence
        <set>
            <if test="imid != null">
                imid = #{imid,jdbcType=INTEGER},
            </if>
            <if test="statusid != null">
                statusid = #{statusid,jdbcType=INTEGER},
            </if>
            <if test="logtime != null">
                logtime = #{logtime,jdbcType=TIMESTAMP},
            </if>
        </set>
        where sequenceid = #{sequenceid,jdbcType=BIGINT}
    </update>
    <update id="updateByPrimaryKey" parameterType="com.zhouxh.imsm.model.ImStatusSequence">
    update im_status_sequence
    set imid = #{imid,jdbcType=INTEGER},
      statusid = #{statusid,jdbcType=INTEGER},
      logtime = #{logtime,jdbcType=TIMESTAMP}
    where sequenceid = #{sequenceid,jdbcType=BIGINT}
  </update>
</mapper>