<?xml version="1.0" encoding="UTF-8" ?>
<!DOCTYPE mapper PUBLIC "-//mybatis.org//DTD Mapper 3.0//EN" "http://mybatis.org/dtd/mybatis-3-mapper.dtd" >
<mapper namespace="com.zhouxh.imsm.mapper.ImStatusMapper">
    <resultMap id="BaseResultMap" type="com.zhouxh.imsm.model.ImStatus">
        <id column="imid" property="imid" jdbcType="INTEGER"/>
        <result column="statusid" property="statusid" jdbcType="INTEGER"/>
        <result column="updatetime" property="updatetime" jdbcType="TIMESTAMP"/>
    </resultMap>
    <sql id="Base_Column_List">
    imid, statusid, updatetime
  </sql>
    <select id="selectByPrimaryKey" resultMap="BaseResultMap" parameterType="java.lang.Integer">
        select
        <include refid="Base_Column_List"/>
        from im_status
        where imid = #{imid,jdbcType=INTEGER}
    </select>
    <delete id="deleteByPrimaryKey" parameterType="java.lang.Integer">
    delete from im_status
    where imid = #{imid,jdbcType=INTEGER}
  </delete>
    <insert id="insert" parameterType="com.zhouxh.imsm.model.ImStatus">
    insert into im_status (imid, statusid, updatetime
      )
    values (#{imid,jdbcType=INTEGER}, #{statusid,jdbcType=INTEGER}, #{updatetime,jdbcType=TIMESTAMP}
      )
  </insert>
    <insert id="insertSelective" parameterType="com.zhouxh.imsm.model.ImStatus">
        insert into im_status
        <trim prefix="(" suffix=")" suffixOverrides=",">
            <if test="imid != null">
                imid,
            </if>
            <if test="statusid != null">
                statusid,
            </if>
            <if test="updatetime != null">
                updatetime,
            </if>
        </trim>
        <trim prefix="values (" suffix=")" suffixOverrides=",">
            <if test="imid != null">
                #{imid,jdbcType=INTEGER},
            </if>
            <if test="statusid != null">
                #{statusid,jdbcType=INTEGER},
            </if>
            <if test="updatetime != null">
                #{updatetime,jdbcType=TIMESTAMP},
            </if>
        </trim>
    </insert>
    <update id="updateByPrimaryKeySelective" parameterType="com.zhouxh.imsm.model.ImStatus">
        update im_status
        <set>
            <if test="statusid != null">
                statusid = #{statusid,jdbcType=INTEGER},
            </if>
            <if test="updatetime != null">
                updatetime = #{updatetime,jdbcType=TIMESTAMP},
            </if>
        </set>
        where imid = #{imid,jdbcType=INTEGER}
    </update>
    <update id="updateByPrimaryKey" parameterType="com.zhouxh.imsm.model.ImStatus">
    update im_status
    set statusid = #{statusid,jdbcType=INTEGER},
      updatetime = #{updatetime,jdbcType=TIMESTAMP}
    where imid = #{imid,jdbcType=INTEGER}
  </update>
</mapper>